{
  "fixed_gamma_0.1": [
    -0.0026291722897440195,
    -0.0032355196308344603,
    0.0008804562967270613,
    -0.0017191742081195116,
    -0.004410027526319027
  ],
  "fixed_gamma_0.3": [
    -0.002531931037083268,
    -0.0035824906080961227,
    0.0007864127401262522,
    -0.0015574581921100616,
    -0.004337737336754799
  ],
  "fixed_gamma_0.5": [
    -0.0022844767663627863,
    -0.0031408602371811867,
    0.0009001214057207108,
    -0.001705064671114087,
    -0.0045553334057331085
  ],
  "lstm_adaptive": [
    -0.002378659090027213,
    -0.0035404604859650135,
    0.0008857641369104385,
    -0.0017066861037164927,
    -0.004455518908798695
  ]
}